"cliente0,""Notebooks de última geração, Teclados mecânicos, Mouses sem fio, Monitores ultrawide, SSDs NVMe"""

"cliente1,""Computadores desktop, Teclados ergonômicos, Câmeras web de alta definição, Docking stations, Extensores de sinal Wi-Fi"""

"cliente2,""Laptops leves, Mouses de alta precisão, Monitores 4K, HDDs de grande capacidade, Switches de rede"""

"cliente3,""Estação de trabalho, Teclados mecânicos, Mouses sem fio, SSDs NVMe, Docking stations"""

"cliente4,""Notebooks de última geração, Teclados ergonômicos, Câmeras web de alta definição, Extensores de sinal Wi-Fi, HDDs de grande capacidade"""

"cliente5,""Computadores desktop, Mouses de alta precisão, Monitores ultrawide, SSDs NVMe, Switches de rede"""

"cliente6,""Laptops leves, Teclados mecânicos, Câmeras web de alta definição, Docking stations, Extensores de sinal Wi-Fi"""

"cliente7,""Estação de trabalho, Mouses sem fio, Monitores 4K, HDDs de grande capacidade, Switches de rede"""

"cliente8,""Notebooks de última geração, Teclados ergonômicos, Mouses de alta precisão, SSDs NVMe, Docking stations"""

"cliente9,""Computadores desktop, Teclados mecânicos, Câmeras web de alta definição, Extensores de sinal Wi-Fi, HDDs de grande capacidade"""

"cliente10,""Laptops leves, Mouses sem fio, Monitores ultrawide, SSDs NVMe, Switches de rede"""

"cliente11,""Estação de trabalho, Teclados ergonômicos, Mouses de alta precisão, Docking stations, Extensores de sinal Wi-Fi"""

"cliente12,""Notebooks de última geração, Teclados mecânicos, Câmeras web de alta definição, HDDs de grande capacidade, Switches de rede"""

"cliente13,""Computadores desktop, Mouses sem fio, Monitores 4K, SSDs NVMe, Docking stations"""

"cliente14,""Laptops leves, Teclados ergonômicos, Mouses de alta precisão, Extensores de sinal Wi-Fi, HDDs de grande capacidade"""

"cliente15,""Estação de trabalho, Teclados mecânicos, Câmeras web de alta definição, SSDs NVMe, Switches de rede"""

"cliente16,""Notebooks de última geração, Mouses sem fio, Monitores ultrawide, Docking stations, Extensores de sinal Wi-Fi"""

"cliente17,""Computadores desktop, Teclados ergonômicos, Mouses de alta precisão, HDDs de grande capacidade, Switches de rede"""

"cliente18,""Laptops leves, Teclados mecânicos, Câmeras web de alta definição, SSDs NVMe, Docking stations"""

"cliente19,""Estação de trabalho, Mouses sem fio, Monitores 4K, Extensores de sinal Wi-Fi, HDDs de grande capacidade"""

"cliente20,""Notebooks de última geração, Teclados ergonômicos, Mouses de alta precisão, SSDs NVMe, Switches de rede"""

"cliente21,""Computadores desktop, Teclados mecânicos, Câmeras web de alta definição, Docking stations, Extensores de sinal Wi-Fi"""

"cliente22,""Laptops leves, Mouses sem fio, Monitores ultrawide, HDDs de grande capacidade, Switches de rede"""

"cliente23,""Estação de trabalho, Teclados ergonômicos, Mouses de alta precisão, SSDs NVMe, Docking stations"""

"cliente24,""Notebooks de última geração, Teclados mecânicos, Câmeras web de alta definição, Extensores de sinal Wi-Fi, HDDs de grande capacidade"""

"cliente25,""Computadores desktop, Mouses sem fio, Monitores 4K, SSDs NVMe, Switches de rede"""

"cliente26,""Laptops leves, Teclados ergonômicos, Mouses de alta precisão, Docking stations, Extensores de sinal Wi-Fi"""

"cliente27,""Estação de trabalho, Teclados mecânicos, Câmeras web de alta definição, HDDs de grande capacidade, Switches de rede"""

"cliente28,""Notebooks de última geração, Mouses sem fio, Monitores ultrawide, SSDs NVMe, Docking stations"""

"cliente29,""Computadores desktop, Teclados ergonômicos, Mouses de alta precisão, Extensores de sinal Wi-Fi, HDDs de grande capacidade"""

"cliente30,""Laptops leves, Teclados mecânicos, Câmeras web de alta definição, SSDs NVMe, Switches de rede"""

"cliente31,""Estação de trabalho, Mouses sem fio, Monitores 4K, Docking stations, Extensores de sinal Wi-Fi"""

"cliente32,""Notebooks de última geração, Teclados ergonômicos, Mouses de alta precisão, HDDs de grande capacidade, Switches de rede"""

"cliente33,""Computadores desktop, Teclados mecânicos, Câmeras web de alta definição, SSDs NVMe, Docking stations"""

"cliente34,""Laptops leves, Mouses sem fio, Monitores ultrawide, Extensores de sinal Wi-Fi, HDDs de grande capacidade"""

"cliente35,""Estação de trabalho, Teclados ergonômicos, Mouses de alta precisão, SSDs NVMe, Switches de rede"""

"cliente36,""Notebooks de última geração, Teclados mecânicos, Câmeras web de alta definição, Docking stations, Extensores de sinal Wi-Fi"""

"cliente37,""Computadores desktop, Mouses sem fio, Monitores 4K, HDDs de grande capacidade, Switches de rede"""

"cliente38,""Laptops leves, Teclados ergonômicos, Mouses de alta precisão, SSDs NVMe, Docking stations"""

"cliente39,""Estação de trabalho, Teclados mecânicos, Câmeras web de alta definição, Extensores de sinal Wi-Fi, HDDs de grande capacidade"""

"cliente40,""Notebooks de última geração, Mouses sem fio, Monitores ultrawide, SSDs NVMe, Switches de rede"""

"cliente41,""Computadores desktop, Teclados ergonômicos, Mouses de alta precisão, Docking stations, Extensores de sinal Wi-Fi"""

"cliente42,""Laptops leves, Teclados mecânicos, Câmeras web de alta definição, HDDs de grande capacidade, Switches de rede"""

"cliente43,""Estação de trabalho, Mouses sem fio, Monitores 4K, SSDs NVMe, Docking stations"""

"cliente44,""Notebooks de última geração, Teclados ergonômicos, Mouses de alta precisão, Extensores de sinal Wi-Fi, HDDs de grande capacidade"""

"cliente45,""Computadores desktop, Teclados mecânicos, Câmeras web de alta definição, SSDs NVMe, Switches de rede"""

"cliente46,""Laptops leves, Mouses sem fio, Monitores ultrawide, Docking stations, Extensores de sinal Wi-Fi"""

"cliente47,""Estação de trabalho, Teclados ergonômicos, Mouses de alta precisão, HDDs de grande capacidade, Switches de rede"""

"cliente48,""Notebooks de última geração, Teclados mecânicos, Câmeras web de alta definição, SSDs NVMe, Docking stations"""

"cliente49,""Computadores desktop, Mouses sem fio, Monitores 4K, Extensores de sinal Wi-Fi, HDDs de grande capacidade"""

"cliente50,""Laptops leves, Teclados ergonômicos, Mouses de alta precisão, SSDs NVMe, Switches de rede"""

"cliente51,""Estação de trabalho, Teclados mecânicos, Câmeras web de alta definição, Docking stations, Extensores de sinal Wi-Fi"""

"cliente52,""Notebooks de última geração, Mouses sem fio, Monitores ultrawide, HDDs de grande capacidade, Switches de rede"""

"cliente53,""Computadores desktop, Teclados ergonômicos, Mouses de alta precisão, SSDs NVMe, Docking stations"""

"cliente54,""Laptops leves, Teclados mecânicos, Câmeras web de alta definição, Extensores de sinal Wi-Fi, HDDs de grande capacidade"""

"cliente55,""Estação de trabalho, Mouses sem fio, Monitores 4K, SSDs NVMe, Switches de rede"""

"cliente56,""Notebooks de última geração, Teclados ergonômicos, Mouses de alta precisão, Docking stations, Extensores de sinal Wi-Fi"""

"cliente57,""Computadores desktop, Teclados mecânicos, Câmeras web de alta definição, HDDs de grande capacidade, Switches de rede"""

"cliente58,""Laptops leves, Mouses sem fio, Monitores ultrawide, SSDs NVMe, Docking stations"""

"cliente59,""Estação de trabalho, Teclados ergonômicos, Mouses de alta precisão, Extensores de sinal Wi-Fi, HDDs de grande capacidade"""

"cliente60,""Notebooks de última geração, Teclados mecânicos, Câmeras web de alta definição, SSDs NVMe, Switches de rede"""

"cliente61,""Computadores desktop, Mouses sem fio, Monitores 4K, Docking stations, Extensores de sinal Wi-Fi"""

"cliente62,""Laptops leves, Teclados ergonômicos, Mouses de alta precisão, HDDs de grande capacidade, Switches de rede"""

"cliente63,""Estação de trabalho, Teclados mecânicos, Câmeras web de alta definição, SSDs NVMe, Docking stations"""

"cliente64,""Notebooks de última geração, Mouses sem fio, Monitores ultrawide, Extensores de sinal Wi-Fi, HDDs de grande capacidade"""

"cliente65,""Computadores desktop, Teclados ergonômicos, Mouses de alta precisão, SSDs NVMe, Switches de rede"""

"cliente66,""Laptops leves, Teclados mecânicos, Câmeras web de alta definição, Docking stations, Extensores de sinal Wi-Fi"""

"cliente67,""Estação de trabalho, Mouses sem fio, Monitores 4K, HDDs de grande capacidade, Switches de rede"""

"cliente68,""Notebooks de última geração, Teclados ergonômicos, Mouses de alta precisão, SSDs NVMe, Docking stations"""

"cliente69,""Computadores desktop, Teclados mecânicos, Câmeras web de alta definição, Extensores de sinal Wi-Fi, HDDs de grande capacidade"""

"cliente70,""Laptops leves, Mouses sem fio, Monitores ultrawide, SSDs NVMe, Switches de rede"""

"cliente71,""Estação de trabalho, Teclados ergonômicos, Mouses de alta precisão, Docking stations, Extensores de sinal Wi-Fi"""

"cliente72,""Notebooks de última geração, Teclados mecânicos, Câmeras web de alta definição, HDDs de grande capacidade, Switches de rede"""

"cliente73,""Computadores desktop, Mouses sem fio, Monitores 4K, SSDs NVMe, Docking stations"""

"cliente74,""Laptops leves, Teclados ergonômicos, Mouses de alta precisão, Extensores de sinal Wi-Fi, HDDs de grande capacidade"""

"cliente75,""Estação de trabalho, Teclados mecânicos, Câmeras web de alta definição, SSDs NVMe, Switches de rede"""

"cliente76,""Notebooks de última geração, Mouses sem fio, Monitores ultrawide, Docking stations, Extensores de sinal Wi-Fi"""

"cliente77,""Computadores desktop, Teclados ergonômicos, Mouses de alta precisão, HDDs de grande capacidade, Switches de rede"""

"cliente78,""Laptops leves, Teclados mecânicos, Câmeras web de alta definição, SSDs NVMe, Docking stations"""

"cliente79,""Estação de trabalho, Mouses sem fio, Monitores 4K, Extensores de sinal Wi-Fi, HDDs de grande capacidade"""

"cliente80,""Notebooks de última geração, Teclados ergonômicos, Mouses de alta precisão, SSDs NVMe, Switches de rede"""

"cliente81,""Computadores desktop, Teclados mecânicos, Câmeras web de alta definição, Docking stations, Extensores de sinal Wi-Fi"""

"cliente82,""Laptops leves, Mouses sem fio, Monitores ultrawide, HDDs de grande capacidade, Switches de rede"""

"cliente83,""Estação de trabalho, Teclados ergonômicos, Mouses de alta precisão, SSDs NVMe, Docking stations"""

"cliente84,""Notebooks de última geração, Teclados mecânicos, Câmeras web de alta definição, Extensores de sinal Wi-Fi, HDDs de grande capacidade"""

"cliente85,""Computadores desktop, Mouses sem fio, Monitores 4K, SSDs NVMe, Switches de rede"""

"cliente86,""Laptops leves, Teclados ergonômicos, Mouses de alta precisão, Docking stations, Extensores de sinal Wi-Fi"""

"cliente87,""Estação de trabalho, Teclados mecânicos, Câmeras web de alta definição, HDDs de grande capacidade, Switches de rede"""

"cliente88,""Notebooks de última geração, Mouses sem fio, Monitores ultrawide, SSDs NVMe, Docking stations"""

"cliente89,""Computadores desktop, Teclados ergonômicos, Mouses de alta precisão, Extensores de sinal Wi-Fi, HDDs de grande capacidade"""

"cliente90,""Laptops leves, Teclados mecânicos, Câmeras web de alta definição, SSDs NVMe, Switches de rede"""

"cliente91,""Estação de trabalho, Mouses sem fio, Monitores 4K, Docking stations, Extensores de sinal Wi-Fi"""

"cliente92,""Notebooks de última geração, Teclados ergonômicos, Mouses de alta precisão, HDDs de grande capacidade, Switches de rede"""

"cliente93,""Computadores desktop, Teclados mecânicos, Câmeras web de alta definição, SSDs NVMe, Docking stations"""

"cliente94,""Laptops leves, Mouses sem fio, Monitores ultrawide, Extensores de sinal Wi-Fi, HDDs de grande capacidade"""

"cliente95,""Estação de trabalho, Teclados ergonômicos, Mouses de alta precisão, SSDs NVMe, Switches de rede"""

"cliente96,""Notebooks de última geração, Teclados mecânicos, Câmeras web de alta definição, Docking stations, Extensores de sinal Wi-Fi"""

"cliente97,""Computadores desktop, Mouses sem fio, Monitores 4K, HDDs de grande capacidade, Switches de rede"""

"cliente98,""Laptops leves, Teclados ergonômicos, Mouses de alta precisão, SSDs NVMe, Docking stations"""

"cliente99,""Estação de trabalho, Teclados mecânicos, Câmeras web de alta definição, Extensores de sinal Wi-Fi, HDDs de grande capacidade"""
